117,HANOVER QUAY EAST,Hanover Quay East,40,30,1584843812000
117,HANOVER QUAY EAST,Hanover Quay East,40,30,1584844420000
117,HANOVER QUAY EAST,Hanover Quay East,40,30,1584844661000
117,HANOVER QUAY EAST,Hanover Quay East,40,30,1584844753000
117,HANOVER QUAY EAST,Hanover Quay East,40,30,1584844753000
117,HANOVER QUAY EAST,Hanover Quay East,40,30,1584845362000
117,HANOVER QUAY EAST,Hanover Quay East,40,30,1584845362000
117,HANOVER QUAY EAST,Hanover Quay East,40,30,1584845971000
117,HANOVER QUAY EAST,Hanover Quay East,40,30,1584845971000
117,HANOVER QUAY EAST,Hanover Quay East,40,30,1584846580000
117,HANOVER QUAY EAST,Hanover Quay East,40,30,1584846580000
117,HANOVER QUAY EAST,Hanover Quay East,40,30,1584847189000
117,HANOVER QUAY EAST,Hanover Quay East,40,30,1584847189000
117,HANOVER QUAY EAST,Hanover Quay East,40,30,1584847799000
117,HANOVER QUAY EAST,Hanover Quay East,40,30,1584847799000
117,HANOVER QUAY EAST,Hanover Quay East,40,30,1584848407000
117,HANOVER QUAY EAST,Hanover Quay East,40,30,1584848407000
117,HANOVER QUAY EAST,Hanover Quay East,40,30,1584849016000
117,HANOVER QUAY EAST,Hanover Quay East,40,30,1584849016000
117,HANOVER QUAY EAST,Hanover Quay East,40,30,1584849625000
117,HANOVER QUAY EAST,Hanover Quay East,40,30,1584849625000
117,HANOVER QUAY EAST,Hanover Quay East,40,30,1584850235000
117,HANOVER QUAY EAST,Hanover Quay East,40,30,1584850235000
117,HANOVER QUAY EAST,Hanover Quay East,40,30,1584850844000
117,HANOVER QUAY EAST,Hanover Quay East,40,30,1584850844000
117,HANOVER QUAY EAST,Hanover Quay East,40,30,1584851453000
117,HANOVER QUAY EAST,Hanover Quay East,40,30,1584851453000
117,HANOVER QUAY EAST,Hanover Quay East,40,30,1584852062000
117,HANOVER QUAY EAST,Hanover Quay East,40,30,1584852062000
117,HANOVER QUAY EAST,Hanover Quay East,40,30,1584852671000
117,HANOVER QUAY EAST,Hanover Quay East,40,30,1584852671000
117,HANOVER QUAY EAST,Hanover Quay East,40,30,1584853244000
117,HANOVER QUAY EAST,Hanover Quay East,40,30,1584853244000
117,HANOVER QUAY EAST,Hanover Quay East,40,30,1584853853000
117,HANOVER QUAY EAST,Hanover Quay East,40,30,1584853853000
117,HANOVER QUAY EAST,Hanover Quay East,40,30,1584854461000
117,HANOVER QUAY EAST,Hanover Quay East,40,30,1584854461000
117,HANOVER QUAY EAST,Hanover Quay East,40,30,1584855070000
117,HANOVER QUAY EAST,Hanover Quay East,40,30,1584855070000
117,HANOVER QUAY EAST,Hanover Quay East,40,30,1584855679000
117,HANOVER QUAY EAST,Hanover Quay East,40,30,1584855679000
117,HANOVER QUAY EAST,Hanover Quay East,40,30,1584856289000
117,HANOVER QUAY EAST,Hanover Quay East,40,30,1584856289000
117,HANOVER QUAY EAST,Hanover Quay East,40,30,1584856898000
117,HANOVER QUAY EAST,Hanover Quay East,40,30,1584856898000
117,HANOVER QUAY EAST,Hanover Quay East,40,30,1584857507000
117,HANOVER QUAY EAST,Hanover Quay East,40,30,1584857507000
117,HANOVER QUAY EAST,Hanover Quay East,40,30,1584858116000
117,HANOVER QUAY EAST,Hanover Quay East,40,30,1584858116000
117,HANOVER QUAY EAST,Hanover Quay East,40,30,1584858725000
117,HANOVER QUAY EAST,Hanover Quay East,40,30,1584858725000
117,HANOVER QUAY EAST,Hanover Quay East,40,30,1584859334000
117,HANOVER QUAY EAST,Hanover Quay East,40,30,1584859334000
117,HANOVER QUAY EAST,Hanover Quay East,40,30,1584859944000
117,HANOVER QUAY EAST,Hanover Quay East,40,30,1584859944000
117,HANOVER QUAY EAST,Hanover Quay East,40,30,1584860553000
117,HANOVER QUAY EAST,Hanover Quay East,40,30,1584860553000
117,HANOVER QUAY EAST,Hanover Quay East,40,30,1584861161000
117,HANOVER QUAY EAST,Hanover Quay East,40,30,1584861161000
117,HANOVER QUAY EAST,Hanover Quay East,40,30,1584861770000
117,HANOVER QUAY EAST,Hanover Quay East,40,30,1584861770000
117,HANOVER QUAY EAST,Hanover Quay East,40,30,1584862380000
117,HANOVER QUAY EAST,Hanover Quay East,40,30,1584862380000
117,HANOVER QUAY EAST,Hanover Quay East,40,30,1584862988000
117,HANOVER QUAY EAST,Hanover Quay East,40,30,1584862988000
117,HANOVER QUAY EAST,Hanover Quay East,40,30,1584863598000
117,HANOVER QUAY EAST,Hanover Quay East,40,30,1584863598000
117,HANOVER QUAY EAST,Hanover Quay East,40,30,1584864207000
117,HANOVER QUAY EAST,Hanover Quay East,40,30,1584864207000
117,HANOVER QUAY EAST,Hanover Quay East,40,30,1584864815000
117,HANOVER QUAY EAST,Hanover Quay East,40,30,1584864815000
117,HANOVER QUAY EAST,Hanover Quay East,40,30,1584865424000
117,HANOVER QUAY EAST,Hanover Quay East,40,30,1584865424000
117,HANOVER QUAY EAST,Hanover Quay East,40,30,1584866033000
117,HANOVER QUAY EAST,Hanover Quay East,40,30,1584866033000
117,HANOVER QUAY EAST,Hanover Quay East,40,30,1584866642000
117,HANOVER QUAY EAST,Hanover Quay East,40,30,1584866642000
117,HANOVER QUAY EAST,Hanover Quay East,40,30,1584866642000
117,HANOVER QUAY EAST,Hanover Quay East,40,30,1584867251000
117,HANOVER QUAY EAST,Hanover Quay East,40,30,1584867251000
117,HANOVER QUAY EAST,Hanover Quay East,40,30,1584867860000
117,HANOVER QUAY EAST,Hanover Quay East,40,30,1584867860000
117,HANOVER QUAY EAST,Hanover Quay East,40,30,1584868469000
117,HANOVER QUAY EAST,Hanover Quay East,40,30,1584868469000
117,HANOVER QUAY EAST,Hanover Quay East,40,30,1584869077000
117,HANOVER QUAY EAST,Hanover Quay East,40,30,1584869077000
117,HANOVER QUAY EAST,Hanover Quay East,40,30,1584869687000
117,HANOVER QUAY EAST,Hanover Quay East,40,30,1584869687000
117,HANOVER QUAY EAST,Hanover Quay East,40,30,1584870296000
117,HANOVER QUAY EAST,Hanover Quay East,40,30,1584870296000
117,HANOVER QUAY EAST,Hanover Quay East,40,30,1584870905000
117,HANOVER QUAY EAST,Hanover Quay East,40,30,1584870905000
117,HANOVER QUAY EAST,Hanover Quay East,40,30,1584871513000
117,HANOVER QUAY EAST,Hanover Quay East,40,30,1584871513000
117,HANOVER QUAY EAST,Hanover Quay East,40,30,1584872122000
117,HANOVER QUAY EAST,Hanover Quay East,40,30,1584872122000
117,HANOVER QUAY EAST,Hanover Quay East,40,30,1584872732000
117,HANOVER QUAY EAST,Hanover Quay East,40,30,1584872732000
117,HANOVER QUAY EAST,Hanover Quay East,40,30,1584873341000
117,HANOVER QUAY EAST,Hanover Quay East,40,30,1584873341000
117,HANOVER QUAY EAST,Hanover Quay East,40,30,1584873950000
117,HANOVER QUAY EAST,Hanover Quay East,40,30,1584873950000
117,HANOVER QUAY EAST,Hanover Quay East,40,30,1584874559000
117,HANOVER QUAY EAST,Hanover Quay East,40,30,1584874559000
117,HANOVER QUAY EAST,Hanover Quay East,40,30,1584875168000
117,HANOVER QUAY EAST,Hanover Quay East,40,30,1584875168000
117,HANOVER QUAY EAST,Hanover Quay East,40,30,1584875778000
117,HANOVER QUAY EAST,Hanover Quay East,40,30,1584875778000
117,HANOVER QUAY EAST,Hanover Quay East,40,30,1584876387000
117,HANOVER QUAY EAST,Hanover Quay East,40,30,1584876387000
117,HANOVER QUAY EAST,Hanover Quay East,40,30,1584876996000
117,HANOVER QUAY EAST,Hanover Quay East,40,30,1584876996000
117,HANOVER QUAY EAST,Hanover Quay East,40,30,1584877604000
117,HANOVER QUAY EAST,Hanover Quay East,40,30,1584877604000
117,HANOVER QUAY EAST,Hanover Quay East,40,30,1584878213000
117,HANOVER QUAY EAST,Hanover Quay East,40,30,1584878213000
117,HANOVER QUAY EAST,Hanover Quay East,40,30,1584878822000
117,HANOVER QUAY EAST,Hanover Quay East,40,30,1584878822000
117,HANOVER QUAY EAST,Hanover Quay East,40,30,1584879432000
117,HANOVER QUAY EAST,Hanover Quay East,40,30,1584879432000
117,HANOVER QUAY EAST,Hanover Quay East,40,30,1584880041000
117,HANOVER QUAY EAST,Hanover Quay East,40,30,1584880041000
117,HANOVER QUAY EAST,Hanover Quay East,40,28,1584880690000
117,HANOVER QUAY EAST,Hanover Quay East,40,28,1584880690000
117,HANOVER QUAY EAST,Hanover Quay East,40,28,1584881298000
117,HANOVER QUAY EAST,Hanover Quay East,40,28,1584881298000
117,HANOVER QUAY EAST,Hanover Quay East,40,28,1584881908000
117,HANOVER QUAY EAST,Hanover Quay East,40,28,1584881908000
117,HANOVER QUAY EAST,Hanover Quay East,40,28,1584882517000
117,HANOVER QUAY EAST,Hanover Quay East,40,28,1584882517000
117,HANOVER QUAY EAST,Hanover Quay East,40,28,1584883127000
117,HANOVER QUAY EAST,Hanover Quay East,40,28,1584883127000
117,HANOVER QUAY EAST,Hanover Quay East,40,28,1584883735000
117,HANOVER QUAY EAST,Hanover Quay East,40,28,1584883735000
117,HANOVER QUAY EAST,Hanover Quay East,40,28,1584884344000
117,HANOVER QUAY EAST,Hanover Quay East,40,28,1584884344000
117,HANOVER QUAY EAST,Hanover Quay East,40,28,1584884344000
117,HANOVER QUAY EAST,Hanover Quay East,40,28,1584884954000
117,HANOVER QUAY EAST,Hanover Quay East,40,28,1584885539000
117,HANOVER QUAY EAST,Hanover Quay East,40,28,1584885555000
117,HANOVER QUAY EAST,Hanover Quay East,40,28,1584885555000
117,HANOVER QUAY EAST,Hanover Quay East,40,29,1584886164000
117,HANOVER QUAY EAST,Hanover Quay East,40,29,1584886164000
117,HANOVER QUAY EAST,Hanover Quay East,40,29,1584886773000
117,HANOVER QUAY EAST,Hanover Quay East,40,29,1584886773000
117,HANOVER QUAY EAST,Hanover Quay East,40,29,1584887382000
117,HANOVER QUAY EAST,Hanover Quay East,40,29,1584887382000
117,HANOVER QUAY EAST,Hanover Quay East,40,29,1584887991000
117,HANOVER QUAY EAST,Hanover Quay East,40,29,1584887991000
117,HANOVER QUAY EAST,Hanover Quay East,40,29,1584888600000
117,HANOVER QUAY EAST,Hanover Quay East,40,29,1584888600000
117,HANOVER QUAY EAST,Hanover Quay East,40,29,1584889210000
117,HANOVER QUAY EAST,Hanover Quay East,40,29,1584889210000
117,HANOVER QUAY EAST,Hanover Quay East,40,29,1584890036000
117,HANOVER QUAY EAST,Hanover Quay East,40,29,1584890091000
117,HANOVER QUAY EAST,Hanover Quay East,40,29,1584890091000
117,HANOVER QUAY EAST,Hanover Quay East,40,30,1584890700000
117,HANOVER QUAY EAST,Hanover Quay East,40,30,1584890700000
117,HANOVER QUAY EAST,Hanover Quay East,40,30,1584891309000
117,HANOVER QUAY EAST,Hanover Quay East,40,30,1584891309000
117,HANOVER QUAY EAST,Hanover Quay East,40,30,1584891918000
117,HANOVER QUAY EAST,Hanover Quay East,40,30,1584891918000
117,HANOVER QUAY EAST,Hanover Quay East,40,30,1584892527000
117,HANOVER QUAY EAST,Hanover Quay East,40,30,1584892527000
117,HANOVER QUAY EAST,Hanover Quay East,40,30,1584893136000
117,HANOVER QUAY EAST,Hanover Quay East,40,30,1584893136000
117,HANOVER QUAY EAST,Hanover Quay East,40,30,1584893745000
117,HANOVER QUAY EAST,Hanover Quay East,40,30,1584893745000
117,HANOVER QUAY EAST,Hanover Quay East,40,30,1584894354000
117,HANOVER QUAY EAST,Hanover Quay East,40,30,1584894354000
117,HANOVER QUAY EAST,Hanover Quay East,40,30,1584894963000
117,HANOVER QUAY EAST,Hanover Quay East,40,30,1584894963000
117,HANOVER QUAY EAST,Hanover Quay East,40,30,1584895572000
117,HANOVER QUAY EAST,Hanover Quay East,40,30,1584895572000
117,HANOVER QUAY EAST,Hanover Quay East,40,30,1584896181000
117,HANOVER QUAY EAST,Hanover Quay East,40,30,1584896373000
117,HANOVER QUAY EAST,Hanover Quay East,40,30,1584896373000
117,HANOVER QUAY EAST,Hanover Quay East,40,30,1584896982000
117,HANOVER QUAY EAST,Hanover Quay East,40,30,1584896982000
117,HANOVER QUAY EAST,Hanover Quay East,40,30,1584897591000
117,HANOVER QUAY EAST,Hanover Quay East,40,30,1584897591000
117,HANOVER QUAY EAST,Hanover Quay East,40,30,1584898200000
117,HANOVER QUAY EAST,Hanover Quay East,40,30,1584898200000
117,HANOVER QUAY EAST,Hanover Quay East,40,30,1584898809000
117,HANOVER QUAY EAST,Hanover Quay East,40,30,1584898809000
